{"accuracy": [0.6016644239425659, 0.8608435988426208, 0.9137349724769592, 0.9413898587226868, 0.9553453326225281, 0.9661568999290466, 0.9713066220283508, 0.9757593274116516, 0.9805391430854797, 0.9821040034294128], "loss": [1.353166937828064, 0.4405827522277832, 0.2639242708683014, 0.18049240112304688, 0.13485212624073029, 0.1033339574933052, 0.08642245084047318, 0.07309066504240036, 0.06162114068865776, 0.055298108607530594], "val_accuracy": [0.8367857933044434, 0.9040518999099731, 0.9293193817138672, 0.9333598613739014, 0.9444571137428284, 0.930229902267456, 0.9541884660720825, 0.9610744118690491, 0.9647734761238098, 0.9586842656135559], "val_loss": [0.5168229341506958, 0.2892579436302185, 0.2233508676290512, 0.21759994328022003, 0.16987980902194977, 0.23411469161510468, 0.1506400853395462, 0.12863755226135254, 0.1149459034204483, 0.1371912956237793]}